Cidade;Nome;Tipo;Endereco;Telefone;Site;Buscado_Como
Borda da Mata;Açai e Cia;Sorveteria;"R. Duque de Caxias, 710 - São Judas, Borda da Mata - MG, 37564-000";3599376824;https://instagram.com/acaiecia_2023?utm_source=qr&igshid=ZDc4ODBmNjlmNQ%3D%3D;lanchonetes
Borda da Mata;Alícia Padaria e confeitaria;Padaria;"Av. Magalhães Pinto, 134 - Centro, Borda da Mata - MG, 37564-000";(35) 3445-2889;;padarias
Borda da Mata;Ana Dallaqua Boutique de Doces;Confeitaria;"R Prof Afonso Antônio Florênciano, 28 - Centro, Borda da Mata - MG, 37564-000";(19) 98228-0990;https://wa.me/55982280990;padarias
Borda da Mata;Apiário Karina;Sorveteria;"Av. Magalhães Pinto, 322 - Santa Terezinha, Borda da Mata - MG, 37564-000";(35) 3445-1465;;padarias
Borda da Mata;Arena da Mata Sport Bar;Bar;"Av. João Olivo Megale - Borda da Mata, MG, 37564-000";(35) 99943-0537;https://instagram.com/arenadamatasportbar?igshid=NzZlODBkYWE4Ng==;bares
Borda da Mata;Ataliba's Beer;Bar;"Av. Magalhães Pinto, 120 - Santa Terezinha, Borda da Mata - MG, 37564-000";(35) 99947-2161;;bares
Borda da Mata;Bar cachoeira;Bar;"Sertãozinho, Borda da Mata - MG, 37564-000";(35) 99743-4034;;bares
Borda da Mata;Bar do Galinha;Bar;"Praça José Pereira Filho, 75 - Sertãozinho, Borda da Mata - MG, 37564-000";(35) 99858-2567;;bares
Borda da Mata;Bar Jeito Mineiro;Bar;"Sertãozinho, Borda da Mata - MG, 37564-000";(35) 99763-0181;;bares
Borda da Mata;Bar Zé da Farinha;Bar;"R. João Porfírio da Silva, 200 - Borda da Mata, MG, 37564-000";(35) 99133-0500;http://www.facebook.com/%20barzedafarinha;restaurantes
Borda da Mata;BARBEARIA GRIFF STYLE CORTE FINO;Barbearia;"R. Duque de Caxias, 530 - Borda da Mata, MG, 37564-000";(35) 99742-4844;https://cashbarber.com.br/griffstyle/inicio/agendamento;lanchonetes
Borda da Mata;Bia bolos;Confeitaria;"R. Santa Rita de Cássia - Borda da Mata, MG, 37564-000";(35) 99743-9704;;padarias
Borda da Mata;Cafeteria Origem Mineira;Loja de café;"Avenida Luiz Cardoso Pinto, R. São Benedito, 1400, Borda da Mata - MG, 37564-000";(35) 99995-2303;;restaurantes
Borda da Mata;CarretaBurguer Food Truck;Lanchonete;"Pracinha do Cristo - Av. Bela Vista - Santa Helena, Lagoa da Prata - MG, 35590-000";(37) 99171-1000;https://www.goomer.app/carretaburguer-food-truck;food truck
Borda da Mata;Casa de Carnes Nelore;;"R. Cel José Inácio, 150 - Borda da Mata, MG, 37564-000";(35) 3445-1101;;açougues
Borda da Mata;Chumba's bar;Bar;"Bairro barro amarelo, Borda da Mata - MG, 37564-000";(35) 99751-9484;;bares
Borda da Mata;Churros da Regiane;Casa de churros;"R. Duque de Caxias, 498 - Borda da Mata, MG, 37564-000";(35) 99908-8731;;padarias
Borda da Mata;Clube de Campo Cervo;Clube de campo;"R. Bela Vista, 133 - Cervo, Borda da Mata - MG, 37565-000";(35) 99890-3521;https://www.instagram.com/estancia_dos_lagos?igsh=MTliYXRrdjZqZThvdg==;bares
Borda da Mata;COMEXIM CAFÉ;Consultoria;"R. Eduardo Amaral, 347 - Centro, Borda da Mata - MG, 37564-000";(35) 99868-0382;http://www.comexim.com.br/;cafés
Borda da Mata;Coroné na Brasa;Bar;"R. Honório Borges, 239 - São Francisco, Borda da Mata - MG, 37564-000";(35) 99805-1613;;bares
Borda da Mata;Cristiano Barbershop;Barbearia;"Orlando domingos dos, santos, 10 - Amoreiras, Borda da Mata - MG, 37564-000";(35) 99820-7625;https://ilinks.com.br/Cristiano_Barbershop;açougues
Borda da Mata;Crock's Burger;Hamburgueria;"Av. João Olivo Megale, 953 - Borda da Mata, MG, 37564-000";(35) 99776-7431;;restaurantes
Borda da Mata;Diego barber Shop;Barbearia;"Rua Duque de Caxias bairro, Rua São J. Tadeu, N556, Borda da Mata - MG, 37564-000";(35) 99802-0736;;bares
Borda da Mata;Dom Nobre Barberia;Barbearia;"R. José Pinto de Freitas, 57 - Centro, Borda da Mata - MG, 37564-000";(35) 99887-3480;;bares
Borda da Mata;Empório do Cumpadre - Cafeteria e Decoração;Cafeteria;"Av. Édna Maria Da Silva Ribeiro, 1260 - Santa Rita, Borda da Mata - MG, 37564-000";(35) 99893-1515;;lanchonetes
Borda da Mata;Emporio Junqueira;Restaurante;"Unnamed Road, Sen. José Bento - MG, 37558-000";(35) 99188-0345;;food truck
Borda da Mata;Espaço Copa Cabana;Bar;"Av. João Olivo Megale, 749 - Nossa Senhora de Aparecida, Borda da Mata - MG, 37564-000";(35) 98436-9280;;bares
Borda da Mata;Estacao Do Milho;Restaurante;"Av. João Olivo Megale, 82 - Borda da Mata, MG, 37564-000";(35) 3445-1255;;restaurantes
Borda da Mata;Estelina Café e Bistrô;Cafeteria;"R. Eduardo Amaral, 642 - Borda da Mata, MG, 37564-000";(35) 99969-5286;;cafés
Borda da Mata;Euro beer choperia;Bar;"Av. João Olivo Megale - Borda da Mata, MG, 37564-000";(35) 99813-1078;https://instagram.com/eurobeer.bm?igshid=NGVhN2U2NjQ0Yg==;bares
Borda da Mata;Food Truck Do Megalanches;Lanchonete;"Av. Mal. Humberto Castelo Branco, 1000 - Santo Antonio, Viçosa - MG, 36570-000";(31) 3892-2016;https://www.facebook.com/megalan.che.1/about;food truck
Borda da Mata;Frigomata;Abatedouro;"R. Duque de Caxias, 1120 - Borda da Mata, MG, 37564-000";(35) 3445-1833;;açougues
Borda da Mata;Galáxias Burguer;Hamburgueria;"R. Dr. Pelegrino Franchi, n°50 - Nossa Sra. Aparecida, Borda da Mata - MG, 37564-000";(35) 99920-0830;https://bit.ly/GalaxiasCardapioOnline;lanchonetes
Borda da Mata;Garage da Pizza;Pizzaria;"R. Maria Barbosa de Paiva, 285 - São Judas Tadeu, Borda da Mata - MG, 37564-000";(35) 3445-1081;;restaurantes
Borda da Mata;Garagem do hambúrguer;Lanchonete;"R. Dr. Pelegrino Franchi, 50 - Borda da Mata, MG, 37564-000";(35) 99960-1869;https://www.instagram.com/garagemdohamburguer_01/profilecard/?igsh=eTBrMnExOWh6Ymti;restaurantes
Borda da Mata;Gil Chapa Quente;Hamburgueria;"R. Mariana Arantes Sobreiro, 69 - Borda da Mata, MG, 37564-000";(35) 99875-4742;;restaurantes
Borda da Mata;GRELHADOS R. R.;Lanchonete;"Av. Magalhães Pinto, 85 - Centro, Borda da Mata - MG, 37564-000";(35) 99752-5321;;restaurantes
Borda da Mata;Hotel San Diego;;"R. Eduardo Amaral, 395 - Centro, Borda da Mata - MG, 37564-000";(35) 3445-2087;;padarias
Borda da Mata;Hotel Village;;"R. Salvador Orlandi, 145 - Centro, Borda da Mata - MG, 37564-000";(35) 3445-1907;http://hotelvillagemg.com.br/;cafés
Borda da Mata;James Burger - Hamburgueria;Hamburgueria;"Francisco Álvaro Sobreiro, n° 654 - Centro, Borda da Mata - MG, 37564-000";(35) 99759-2345;;lanchonetes
Borda da Mata;Kaza Hamburgueria;Hamburgueria;"Av. Lauro Megale, 178 - Borda da Mata, MG, 37564-000";(35) 99767-5171;;hamburguerias
Borda da Mata;Lanchonete do Carlão;Hamburgueria;"R. Bernadete Megale - Borda da Mata, MG, 37564-000";(35) 99810-6161;;restaurantes
Borda da Mata;Lanchonete Pato Donald;Lanchonete;"R. Duque de Caxias, 504 - São Judas Tadeu, Borda da Mata - MG, 37564-000";(35) 99803-4821;;restaurantes
Borda da Mata;Lanchonete Pizzaria Batata;Restaurante fast-food;"Av. Wilson Megale, 931 - Borda da Mata, MG, 37564-000";(35) 3445-2472;;restaurantes
Borda da Mata;Lanchonete Portal;Restaurante;"Av Luiz Cardoso Pinto, R. São Benedito, Borda da Mata - MG, 37564-000";(35) 99868-9192;;lanchonetes
Borda da Mata;Lanchonete Stop Burguer;Hamburgueria;"R. Duque de Caxias, 378 - Nossa Sra. Aparecida, Borda da Mata - MG, 37564-000";(35) 99975-1105;;restaurantes
Borda da Mata;Lanchonete União;Lanchonete;"Av. Wilson Megale, 790 - Box A, Piso 1 - Centro, Borda da Mata - MG, 37564-000";(35) 99719-4907;https://linktr.ee/lanchoneteuniao;lanchonetes
Borda da Mata;Leco Lanches;Lanchonete;"R. Vicente Gonçalves Pinto, 150 - Borda da Mata, MG, 37564-000";(35) 99911-0862;;restaurantes
Borda da Mata;Luxúria burguês delivery;Hamburgueria;"R. Eduardo Amaral, 789 - Centro, Borda da Mata - MG, 37564-000";(35) 99722-5267;https://app.uairango.com/iDW4ELEb2HKL6ZWP6;restaurantes
Borda da Mata;Mateus Andrade Patisserie;Confeitaria;"Av. Wilson Megale, 902 - Borda da Mata, MG, 37564-000";(35) 99976-1473;;padarias
Borda da Mata;Mesa Di Padua - Forneria Artesanal;Pizzaria;"Geraldo lamin 154, Borda da Mata - MG, 37564-000";(35) 99979-7929;;pizzarias
Borda da Mata;Milk Shake Up;Sorveteria;"Av. Wilson Megale, 905 - Borda da Mata, MG, 37564-000";(35) 99942-4455;;restaurantes
Borda da Mata;Minas Gourmet- hamburgueria e Restaurante;Hamburgueria;"Rua Duque De Caxias, Rua São J. Tadeu, 507, Borda da Mata - MG, 37564-000";(35) 99943-6772;;restaurantes
Borda da Mata;Mone Clay Lanches;Lanchonete;"R. Amélia Gouvêia, 120 - Sao Judas tadeu, Borda da Mata - MG, 37546-000";(35) 99267-3416;https://moneclaylanches.ola.click/;lanchonetes
Borda da Mata;Oba Oba Chopperia e Petiscaria;Petiscaria;"Rod. João Taváres Corrêa Beral, n° 923 - Borda da Mata, MG, 37564-000";(35) 99854-3453;;restaurantes
Borda da Mata;Panificadora Primor;Padaria;"Calcadao silvio monteiro de carvalho 32 Centro, Borda da Mata - MG, 37564-000";(35) 3445-1727;;restaurantes
Borda da Mata;Panificadora Real;Café;"Praça Antônio Megale, 120 - Borda da Mata, MG, 37564-000";(35) 3445-2161;;restaurantes
Borda da Mata;Pastelaria Dois Amigos;Restaurante fast-food;"Av. Wilson Megale, 950 - Centro, Borda da Mata - MG, 37564-000";(35) 99806-2111;;restaurantes
Borda da Mata;Pastelaria Pequim;Restaurante;"Praça Antônio Megale, 63 - Centro, Borda da Mata - MG, 37564-000";(35) 99878-1142;;lanchonetes
Borda da Mata;Pesqueiro do Lé;Restaurante;"Estrada Serrinha Serrinha II, Borda da Mata - MG, 37564-000";(35) 99848-2508;;restaurantes
Borda da Mata;Pesqueiro do Léo;Restaurante;"Rural, Borda da Mata - MG, 37564-000";(35) 99245-5864;https://www.instagram.com/pesqueirodoleo_?igsh=NnQzY2lscjRjeWFs;restaurantes
Borda da Mata;Pesqueiro recanto dos amigos;Restaurante;"Palma, Borda da Mata - MG, 37564-000";(35) 92000-9589;;restaurantes
Borda da Mata;Pesqueiro São Mateus;Bar;"Unnamed Road, Borda da Mata - MG, 37564-000";(35) 99978-5064;;restaurantes
Borda da Mata;Pizzaria A Dona do Pedaço;Delivery de Pizza;"R. Oswaldo Barbosa Dias, 121 - Borda da Mata, MG, 37564-000";(35) 99707-7490;;pizzarias
Borda da Mata;Pizzaria Borda da Mata;Pizzaria;"Rua Honorato Gonçalves Campos - Santa Cruz da Estrela, Santa Rita do Passa Quatro - SP, 13670-000";(19) 99973-9766;https://www.facebook.com/dariel.cruz.1004;pizzarias
Borda da Mata;Pizzaria Jundiá;Pizzaria;"Alameda Juscelino Kubitscheck, 25 - Borda da Mata, MG, 37564-000";(35) 3445-1942;;restaurantes
Borda da Mata;Polar Doceria;Loja de alimentos congelados;"R. Padre José Oriolo, 16 - Centro, Borda da Mata - MG, 37564-000";(35) 99706-6512;https://instagram.com/polargeladinhos?utm_source=ig_profile_share&igshid=1pv4dkc3e21l3;padarias
Borda da Mata;Posto de Gasolina Estrela da Mata;Posto de combustível;"Rodovia MG 290 s/n Km 28, Borda da Mata - MG, 37564-000";(35) 3445-1662;;restaurantes
Borda da Mata;Pousada Bordão da Mata;;"R. Padre José Oriolo, 28 - Centro, Borda da Mata - MG, 37564-000";(35) 99836-5573;https://www.instagram.com/pousadabordao/;restaurantes
Borda da Mata;Pousada Nossa Senhora de Fátima;Cama e café;"R. Oswaldo Barbosa Dias, 43 - Nossa senhora de Fatima, Borda da Mata - MG, 37564-000";(35) 3445-2853;;cafés
Borda da Mata;Pousada recanto do lago;;"Estrada da Cafua, 216 - Borda da Mata, MG, 37564-000";(35) 98416-0326;https://www.instagram.com/pousadarecantodolagobm?igsh=bTJ2dTMybnc0N28y;cafés
Borda da Mata;Pousada Rural Nossa Senhora da Luz;;"R. Maria Augusta Santos Castro - Nova Borda, Borda da Mata - MG, 37564-000";(35) 98412-2532;https://pousada-nossa-senhora-da-luz.negocio.site/?utm_source=gmb&utm_medium=referral;cafés
Borda da Mata;Produtos da Roça;Restaurante;"Rod MG-290 km, Borda da Mata - MG";(35) 99965-9637;;restaurantes
Borda da Mata;Recanto da Lua;Restaurante;"Estr. Borda da Mata - Bom Repouso - Borda da Mata, MG, 37564-000";(35) 99708-3126;;restaurantes
Borda da Mata;Restaurante & Pizzaria Agridoce;Restaurante;"R. Herculano Cobra, 600 - Centro, Borda da Mata - MG, 37564-000";(35) 99129-3582;https://m.facebook.com/AgridoceRestaurante;restaurantes
Borda da Mata;Restaurante Casarão;Restaurante;"R. Herculano Cobra, 329 - Borda da Mata, MG, 37564-000";(14) 99802-2751;;restaurantes
Borda da Mata;Restaurante da Raquel;Restaurante;"R. Sebastião Cândido Alcebíades, 57 - Sertãozinho, Borda da Mata - MG, 37564-000";(35) 99913-6020;;restaurantes
Borda da Mata;Restaurante da Wal;Restaurante;"Avenida Luiz Cardoso Pinto, 249, R. São Benedito, 08 - Centro Comercial Vera Cruz, Borda da Mata - MG, 37564-000";(35) 99949-3315;;restaurantes
Borda da Mata;Restaurante do Dito;Restaurante;"MG-290, 3623 - Borda da Mata, MG, 37564-000";(35) 99992-7801;;restaurantes
Borda da Mata;Restaurante e driver burguer;Hamburgueria;"R. Francisco Marques da Costa, 40 - Santa Terezinha, Borda da Mata - MG, 37564-000";(35) 99913-1103;;restaurantes
Borda da Mata;Restaurante Jeito Mineiro;Restaurante;"MG-290, KM 32 - Santa Rita, Borda da Mata - MG, 37564-000";(35) 99993-3979;https://www.lojalocal.com/22826840000140;restaurantes
Borda da Mata;Restaurante Mariá;Restaurante;"Unnamed Road, Borda da Mata - MG, 37564-000";(35) 99717-1527;;restaurantes
Borda da Mata;Sal & Pimenta Restaurante;Restaurante;"R. Herculano Cobra, 529 - Borda da Mata, MG, 37564-000";(35) 3445-2432;;restaurantes
Borda da Mata;Sebastião José Bento;Concessionária de tratores;"Av. Édna Maria Da Silva Ribeiro, 700 - Borda da Mata, MG, 37564-000";(35) 3445-1093;;food truck
Borda da Mata;Smoke Hub;Bar com tabacaria;"Av. Wilson Megale, 950 A - Centro, Borda da Mata - MG, 37564-000";(35) 99758-9998;;bares
Borda da Mata;Sorvetes e Açaí Bru Ice;Sorveteria;"Praça Antônio Megale, 79 - Borda da Mata, MG, 37564-000";(35) 99872-5477;;padarias
Borda da Mata;Spaço Ideal-Edinalva Duarte;Loja de Roupa;"Praça Nossa Sra. do Carmo - Centro, Borda da Mata - MG, 37564-000";(35) 99827-3928;https://www.instagram.com/spaco_ideal/;padarias
Borda da Mata;Sr café;Cafeteria;"R. José Pinto de Freitas, 225 - Santa Terezinha, Borda da Mata - MG, 37564-000";(35) 99248-1319;;restaurantes
Borda da Mata;Supermercado e Açougue Economico;Mercado;"R. Duque de Caxias, 644 - Borda da Mata, MG, 37564-000";(35) 3445-2117;;açougues
Borda da Mata;Supermercado Irmãos Machado Rede Maxsul;Supermercado;"Borda da Mata, MG, 37564-000";(35) 3445-1157;;padarias
Borda da Mata;Supermercado Nossa Senhora Aparecida;Supermercado;"R. Eduardo Amaral, 554 - Centro, Borda da Mata - MG, 37564-000";(35) 3445-1847;http://www.redeilustre.com.br/;padarias
Borda da Mata;Supermercado Nova Borda;Supermercado;"Av. Alvarina Pereira Cintra, 180 - Borda da Mata, MG, 37564-000";(35) 3445-2939;;restaurantes
Borda da Mata;Supermercado Rui Barbosa;Supermercado;"R. Oswaldo BArbosa Dias, 180, R. Osvaldo B Dias, 190 - N S Fátima, Borda da Mata - MG, 37564-000";(35) 3592-0004;;padarias
Borda da Mata;Supermercados Alvorada;Supermercado;"Av. João Olivo Megale, 953 - Borda da Mata, MG, 37564-000";(35) 3445-3303;http://www.supermercadosalvorada.com/;padarias
Borda da Mata;Supermercados Baleia Ltda;Supermercado;"R. Cel José Inácio, 15 - Borda da Mata, MG, 37564-000";(35) 3445-1292;;padarias
Borda da Mata;Tá Bom Hortimercado;Supermercado;"R. Cap. Cipriano de Castro, 821 - São Judas Tadeu, Borda da Mata - MG, 37564-000";(35) 99216-9207;https://linktr.ee/tabomhortimercado;padarias
Borda da Mata;Terminal Rodoviário de Borda da Mata;Serviço de transporte;"211, Av. Wilson Megale, 89 - Borda da Mata, MG, 37564-000";(35) 3445-1600;http://viajesantacruz.com.br/;lanchonetes
Borda da Mata;Torre de Pizza - Pizzaria;Pizzaria;"R. Duque de Caxias, 680 - Borda da Mata, MG, 37564-000";(35) 99857-6636;;restaurantes
Borda da Mata;Uni Duni Doces;Doceria;"R. Professsor Afonso A. Florenciano, 20 - Centro, Borda da Mata - MG, 37564-000";(35) 98428-4151;;padarias
Bueno Brandão;Açaí das Montanhas;Sorveteria;"Praça Virgilio Melo Franco - Centro, Bueno Brandão - MG, 37578-000";(35) 99943-3704;https://www.instagram.com/p/CKXHE5xFBae/?igshid=144ga1zwcwqpd;sorveterias
Bueno Brandão;"Bar Do Vando, Bueno Brandão- Mg";Bar com música ao vivo;"Praça Virgilio Melo Franco, 120, Bueno Brandão - MG, 37578-000";(35) 99755-3253;;bares
Bueno Brandão;Bar e Pizzaria Sem Rotina;Pizzaria;"Praça Virgilio Melo Franco, 420 - Centro, Bueno Brandão - MG, 37578-000";(35) 99963-1971;https://www.facebook.com/BarePizzariaSemRotina;restaurantes
Bueno Brandão;Bela Forneria - Bueno Brandão MG;Pizzaria;"Lava Pés - Chales Bela Vista - Sítio São Jose, Saída para, Estr. Monte Sião, KM01, Bueno Brandão - MG, 37578-000";(35) 99829-0707;;restaurantes
Bueno Brandão;BENZA DEUS BY HELENA;Restaurante;"Antigo Kuka Fresca, saída pra Munhoz ao lado do Auto Posto Bom Jesus - AVENIDA BENJAMIM, Av. Beijamin Rossi, 20 - CENTRO, Bueno Brandão - MG, 37578-000";(35) 92000-8313;;bares
Bueno Brandão;"BISTRÔ MINEIRO, CHOPERIA E PETISCARIA";Chop bar;"Mirante do Cristo - Jardim estância hidromineral, Bueno Brandão - MG, 37578-000";(35) 99850-9539;;restaurantes
Bueno Brandão;Bolo de Rolo & Confeitaria Artesanal;Confeitaria;"Av. Bom Jesus, 376 - Centro, Bueno Brandão - MG, 37578-000";(11) 94577-6672;https://www.instagram.com/tifabene.e.co?igsh=MmMxMmx5NXFmeWNl;padarias
Bueno Brandão;Buck's;Bar;"Praça Virgilio Melo Franco, 254 - Centro, Bueno Brandão - MG, 37578-000";(35) 99772-0327;;lanchonetes
Bueno Brandão;Cabana das pedras;Petiscaria;"Estr. de Bueno Brandão, Bueno Brandão - MG, 37578-000";(35) 99986-6283;;lanchonetes
Bueno Brandão;Cachaça Guabiroba;Bar;"Bueno Brandão - MG, 37578-000";(35) 99942-6425;;bares
Bueno Brandão;Cachoeira do Machado I Pedacim du Céu;Atração turística;"Sítio São Bento, Bairro Machado, Bueno Brandão - MG, 37578-000";(35) 99814-2221;http://www.pedacimduceu.com.br/;bares
Bueno Brandão;Cachoeira do Mergulho;Atração turística;"MG-295, Bueno Brandão - MG, 37578-000";(11) 98331-8313;;bares
Bueno Brandão;Café Barbosa;Café;"R. Modesto Alves Coutinho, 19, Bueno Brandão - MG, 37578-000";(35) 3463-1026;;cafés
Bueno Brandão;Café com Mistura;Cafeteria;"R. Pref. Domingos de Franco, 199 - Centro, Bueno Brandão - MG, 37578-000";(35) 99895-0601;https://www.facebook.com/cafecom.mistura.9;lanchonetes
Bueno Brandão;Café Jóia da Montanha;Cafeteria;"Bairro Boa Vista dos Barbosas, Bueno Brandão - MG, 37578-000";(35) 99766-5917;;cafés
Bueno Brandão;Café Ouro Minas;Fabricação de alimentos;"Sítio, Rua Bela Vista, Bairro - Cafundó, Bueno Brandão - MG, 37578-000";(35) 99978-7975;;cafés
Bueno Brandão;Cafeeira Boa Vista (Sítio Vale do Café);Café;"HPP5+2H, Bueno Brandão - MG, 37578-000";(35) 99774-1314;;cafés
Bueno Brandão;Casa de Carnes He&He;Açougue;"Praça Virgilio Melo Franco, 78 - Centro, Bueno Brandão - MG, 37578-000";(35) 99866-3356;;açougues
Bueno Brandão;Casa de Carnes Serrinha;Mercado de produtos agrícolas;"Rua Barao de Campo Místico, 349 - centro, Bueno Brandão - MG, 37578-000";(35) 3463-1489;;açougues
Bueno Brandão;Chácara Recanto do Berzelai;;"Chácara Recanto do Berzelai Boa Vista dos Vicentes, Bueno Brandão - MG, 37587-000";(35) 99849-3632;;cafés
Bueno Brandão;Chácara Recanto dos Amores;Pensão;"Bairro Junco, Bueno Brandão - MG, 37578-000";(35) 99858-3855;;cafés
Bueno Brandão;Chalés Bela Vista;;"Sitio São José, 01, Bueno Brandão - MG, 37578-000";(35) 99954-1898;;restaurantes
Bueno Brandão;Chefe - Lanchonete;Lanchonete;"R. Cap. Eduardo Carneiro, 270 - Centro, Bueno Brandão - MG, 37578-000";(35) 99996-0850;https://www.facebook.com/Chefe-Lanchonete-103883520997581/;restaurantes
Bueno Brandão;Chocolates Andreia & Empório Mineiro;Loja de chocolates;"Rodovia MG 295 Inconfidentes a Bueno Brandão,Km12 - Bairro - Furnas, Bueno Brandão - MG, 37578-000";(35) 99831-8804;;restaurantes
Bueno Brandão;Choperia Trem Bão;Chop bar;"Praça Virgilio Melo Franco - Centro, Bueno Brandão - MG, 37578-000";(35) 99774-8761;;restaurantes
Bueno Brandão;Ciranda Casa dos Pães;Padaria;"R. da Saudade, 314, Bueno Brandão - MG, 37578-000";(35) 99729-1877;https://instagram.com/cirandacasadospaes;padarias
Bueno Brandão;Cozinha de Estar;Restaurante;"R. do Cristo, 125 - estancia hidromineral, Bueno Brandão - MG, 37578-000";(11) 98244-5030;;restaurantes
Bueno Brandão;Empório Cio Da Terra;Restaurante familiar;"Prç. da Matriz, 46, Bueno Brandão - MG, 37578-000";(35) 99716-3615;;restaurantes
Bueno Brandão;Empório Dona Graça;Restaurante;"X Socorro - Estrada, Km 1 - Serrinha, Bueno Brandão - MG, 37578-000";(35) 99941-4462;https://www.emporiodonagraca.com.br/;restaurantes
Bueno Brandão;Empório Terra das Cachoeiras;Loja de Conveniência;"Rodovia 295, km 22- Bairro - Quilombo, Bueno Brandão - MG, 37578-000";(35) 99763-6076;;cafés
Bueno Brandão;Encanto Chocolates Finos;Chocolateria;"Av. Bom Jesus, 53 - Centro, Bueno Brandão - MG, 37578-000";(35) 99856-0102;https://instagram.com/encantochocolatesfinos?utm_meduim=copy_link;padarias
Bueno Brandão;Fazenda Campo Místico;Fazenda;"Unnamed Road Machado Um, Bueno Brandão - MG, 37578-000";(11) 99909-0697;http://www.campomistico.com.br/;bares
Bueno Brandão;Food Truck Preto no Branco;Hamburgueria;"Av. Cyro Gonçalves - Centro, Ouro Fino - MG, 37570-000";(35) 99910-8910;;food truck
Bueno Brandão;Food Truck Ronaldo;Fabricação de alimentos;"R. Guarda Mor Lustosa - Centro, Ouro Fino - MG, 37570-000";(35) 99836-2769;;food truck
Bueno Brandão;Galpão Mineiro;Restaurante;"R. da Saudade, 303 - Centro, Bueno Brandão - MG, 37578-000";(35) 99929-9336;;restaurantes
Bueno Brandão;Hamburgueria Humaitá;Lanchonete;"R. Humaitá, 163 - Jardim Nova Suíça, Bueno Brandão - MG, 37578-000";(35) 99949-2918;;lanchonetes
Bueno Brandão;Hotel Fazenda Terra dos Sonhos;;"Km 18, s/n, Rod. José Vicente Lomônico, Bueno Brandão - MG, 37578-000";(19) 99930-5375;http://www.terradossonhos.com.br/;restaurantes
Bueno Brandão;Ice Bueno Sorvetes;Sorveteria;"Av. Bom Jesus, 347, Bueno Brandão - MG, 37578-000";(35) 99982-9581;;sorveterias
Bueno Brandão;John Burguer;Hamburgueria;"Praça Virgilio Melo Franco - Centro, Bueno Brandão - MG, 37578-000";(35) 99827-2311;;lanchonetes
Bueno Brandão;Karol Duarte doces e chocolates;Doceria;"R. São Benedito, 88, Bueno Brandão - MG, 37578-000";(35) 99819-6626;;padarias
Bueno Brandão;Kiosque Alto da Serra;Lanchonete;"JM2F+7PC Bueno Brandão, Minas Gerais Furnas, Bueno Brandão - MG, 37578-000";(35) 99168-2000;;lanchonetes
Bueno Brandão;Lamparina Botequim & Armazém;Lanchonete;"R. da Saudade, 138 - Centro, Bueno Brandão - MG, 37578-000";(35) 99719-5821;;restaurantes
Bueno Brandão;Lanchonete Recanto das Juritis;Lanchonete;"Bairro Cachoeira dos Félix, Bueno Brandão - MG, 37578-000";(35) 99916-3148;;lanchonetes
Bueno Brandão;Laticínio Serra das Antas.;Fornecedor de laticínios;"MG-295 - 140, km 5, Bueno Brandão - MG, 37578-000";(35) 3442-1098;http://www.serradasantas.com.br/;restaurantes
Bueno Brandão;MIÓ Café;Espresso bar;"R. da Saudade, 131 - Centro, Bueno Brandão - MG, 37578-000";(35) 99824-9795;;restaurantes
Bueno Brandão;Mirante da Serrinha;Atração turística;"Bueno Brandão - MG, 37578-000";(35) 3463-1000;;restaurantes
Bueno Brandão;Mire as Estrelas - Lanchonete e Mirante;Lanchonete;"S/N - Serrinha, Bueno Brandão - MG, 37578-000";(35) 99837-3115;https://www.instagram.com/mireasestrelas_mg/;lanchonetes
Bueno Brandão;Mysticus Açai;Sorveteria;"Praça Virgilio Melo Franco, 150 - Centro, Bueno Brandão - MG, 37578-000";(35) 99871-5527;https://www.lojalocal.com/19705593000110;restaurantes
Bueno Brandão;Nelu Lanches;Lanchonete;"R. Francisco C Barbosa, 164 - A Definir, Bueno Brandão - MG, 37578-000";(35) 99908-0229;;restaurantes
Bueno Brandão;NG CONFEITARIA - Bueno Brandão - MG;Confeitaria;"R. Pref. Domingos de Franco, 236, Bueno Brandão - MG, 37578-000";(35) 99703-7892;;padarias
Bueno Brandão;O Point;Restaurante;"Praça Virgilio Melo Franco, 290, Bueno Brandão - MG, 37578-000";(35) 99141-3324;https://www.instagram.com/pointdaesfiha.bb/;restaurantes
Bueno Brandão;Padaria & Confeitaria Bela Massa;Padaria;"Praça Virgilio Melo Franco, 232, Bueno Brandão - MG, 37578-000";(35) 99925-2583;https://wa.me/55999252583;padarias
Bueno Brandão;Padaria e Confeitaria Central;Padaria;"Rua Barao de Campo Místico, 304 - Centro, Bueno Brandão - MG, 37578-000";(35) 3463-1115;;restaurantes
Bueno Brandão;Padaria e Confeitaria do Kiko;Padaria;"R. Cap. Eduardo Carneiro, 254, Bueno Brandão - MG, 37578-000";(35) 3463-1372;;restaurantes
Bueno Brandão;Padaria E Confeitaria União;Padaria;"R. Humaitá, 58, Bueno Brandão - MG, 37578-000";(35) 99805-4406;;padarias
Bueno Brandão;Parque Natural Terra das Cachoeiras;Parque;"Rodovia Socorro, km 12 - Malacacheta, Bueno Brandão - MG, 37578-000";(19) 99900-6499;http://www.terradascachoeiras.com.br/;bares
Bueno Brandão;Pesqueiro e Restaurante Santo Antônio;Restaurante;"Rodovia Otacílio Bonamichi - Furnas, Bueno Brandão - MG, 37578-000";(35) 99249-3766;;restaurantes
Bueno Brandão;Pier 7 Chopperia;Pizzaria;"Praça Virgilio Melo Franco, 242, Bueno Brandão - MG, 37578-000";(35) 99857-0139;https://www.lojalocal.com/32296557000108;restaurantes
Bueno Brandão;Pousada do Zezé;;"Bairro - Serrinha, Bueno Brandão - MG, 37578-000";(35) 99828-9463;https://zeze.bedsandhotels.com/;cafés
Bueno Brandão;Pousada Espírito Santo - Bueno Brandão/MG;;"MG-295, Bueno Brandão - MG, 37578-000";(35) 99827-9321;https://www.facebook.com/PousadaEspiritoSanto%20/;restaurantes
Bueno Brandão;Pousada Som Das Águas;;"Cachoeira dos Félix - Pousada Som Das Águas Cachoeira Dos Félix, Bueno Brandão - MG, 37578-000";(35) 99819-9625;http://pousadasomdasaguas.com.br/;bares
Bueno Brandão;POUSADA VALE DO CAFÉ BUENO BRANDÃO;;"Cachoeira dos Félix, Bueno Brandão - MG, 37578-000";(35) 99922-3075;http://pousadavaledocafe.com.br/;cafés
Bueno Brandão;Pousada Vizinho das Estrelas;;"Estrada Bueno Brandão Socorro Km 3, s/nº - Ponte alta, Bueno Brandão - MG, 37578-000";(35) 99969-5273;;restaurantes
Bueno Brandão;Rancho Bela Vista;Restaurante;"Estrada, Estr. Monte Sião, km 1, Bueno Brandão - MG, 37578-000";(35) 99954-1898;;restaurantes
Bueno Brandão;Recanto do Pescador;Restaurante;"Boa Vista dos Vicentes, Bueno Brandão - MG, 37578-000";(35) 99892-2549;;restaurantes
Bueno Brandão;Recanto dos Félix/ Alto da Cachoeira;;"Estrada cachoeira do Felix sem número Cachoeira dos Félix, Bueno Brandão - MG, 37578-000";(35) 99736-3468;https://www.facebook.com/Pousada-Alto-da-Cachoeira-419008068438894;cafés
Bueno Brandão;Restaurante Assados de minas;Restaurante;"Bairro Ponte Alta, KM 3, Bueno Brandão - MG, 37578-000";(35) 99949-7463;;restaurantes
Bueno Brandão;Restaurante cozinha e tempero da Raquel;Restaurante;"R. Cap. Eduardo Carneiro, 140, Bueno Brandão - MG, 37578-000";(35) 99774-7370;https://www.instagram.com/cozinha_e_tempero_da_raquel?igsh=a2R6YjlsYnI0ZWpv;restaurantes
Bueno Brandão;Restaurante Lanchonete e Pizzaria Cheiro Verde;Pizzaria;"R. Modesto Alves Coutinho, n°31 - Centro, Bueno Brandão - MG, 37578-000";(35) 3463-1411;https://www.facebook.com/pages/Restaurante-Cheiro-Verde/205957472777472?ref=br_rs;restaurantes
Bueno Brandão;Restaurante Vila Ramalho;Restaurante;"R. california, 101, Bueno Brandão - MG, 9-9852, Bueno Brandão - MG";(35) 99852-8291;;restaurantes
Bueno Brandão;Restaurante Xodó da Serra;Restaurante;"Rua Barao de Campo Místico, 574 - Centro, Bueno Brandão - MG, 37578-000";(35) 99979-5230;https://www.facebook.com/xododaserrabuenobrandao/;restaurantes
Bueno Brandão;Senhora Pizza;Pizzaria;"R. Ver. Túlio Putini, 304 - 366, Bueno Brandão - MG, 37578-000";(35) 99940-6142;https://instagram.com/senhora_pizza12;lanchonetes
Bueno Brandão;Solário Chalés;;"Rodovia Otacílio Bonamichi, km 139, Bueno Brandão - MG, 37578-000";(35) 99876-4097;https://solariochales.com.br/;cafés
Bueno Brandão;Supermercado Três Irmãos - SUPERMERCADO BOM PREÇO - Bueno Brandão - MG;Supermercado;"R. Amazonas, 500, Bueno Brandão - MG, 37578-000";(35) 3463-2239;;bares
Bueno Brandão;Terra das Cachoeiras;Café;"Rod Socorro - Bueno Brandao, km 12, Bueno Brandão - MG, 37578-000";(19) 97121-1818;https://terradascachoeiras.com.br/;cafés
Bueno Brandão;The Samy's Burguer;Hamburgueria;"Rua Sebastião Gregório, 49, Bueno Brandão - MG, 37578-000";(11) 98211-5861;https://www.instagram.com/thesamysburguer;lanchonetes
Bueno Brandão;Toca do Lobo Guará;Charcutaria;"Bueno Brandão - MG, 37578-000";(35) 91002-0106;https://instagram.com/toca_doloboguara?igshid=NjIwNzIyMDk2Mg==;bares
Bueno Brandão;Zanta's Sorvetes e Pastéis;Doceria;"Praça Virgilio Melo Franco, 334, Bueno Brandão - MG, 37578-000";(35) 99840-0880;;sorveterias
Inconfidentes;Açaí da Grota;Sorveteria especializada em sundaes;"R. Eng. Álvares Maciel, 77 - Centro, Inconfidentes - MG, 37576-000";(35) 99832-4792;;hamburguerias
Inconfidentes;Açaí da praça;Sorveteria;"Av. Alvarenga Peixoto, Inconfidentes - MG, 37576-000";(35) 99732-9492;;sorveterias
Inconfidentes;Açougue Nossa Senhora da Aparecida;Açougue;"R. Tomás Antônio Gonzaga, 599, Inconfidentes - MG, 37576-000";(35) 99806-0061;;açougues
Inconfidentes;ADEGA COMANDANT'S;Bar;"R. Guarda Mor Lustosa, 532 - Ouro Fino, MG, 37570-000";(35) 99729-4093;;cafés
Inconfidentes;Adega Resenha;Bar e Grill;"R. Guarda Mor Lustosa, 534 - Centro, Ouro Fino - MG, 37570-000";(35) 99763-5436;;bares
Inconfidentes;Alambique do Antenor - Pérola Branca;Bar;"Ouro Fino, Inconfidentes - MG, 37570-000";(12) 99105-1200;https://www.instagram.com/alambiqueperolabranca?igsh=MW84ZDB4OWJ2aTZidg==;bares
Inconfidentes;AMARILDO LANCHES;Lanchonete;"R. Treze de Maio, 2123-2297 - Ouro Fino, MG, 37570-000";(35) 99811-3697;;bares
Inconfidentes;Bar do Maurão;Bar;"Av. Alvarenga Peixoto, 219, Inconfidentes - MG, 37576-000";(35) 3464-1028;;bares
Inconfidentes;BAR DO TREVO;Bar;"R. João Ribeiro, 134 - Centro, Ouro Fino - MG, 37570-000";(35) 99820-9666;;bares
Inconfidentes;Bar e mercearia JD;Bar;"R. Pedro Bueno Gonçalves - Monjolinho, Inconfidentes - MG, 37576-000";(35) 99914-5699;;bares
Inconfidentes;Bar e restaurante O MINEIRINHO;Restaurante;"Rodovia Otacílio Bonamichi, 345 - Santa Isabel, Inconfidentes - MG, 37576-000";(35) 99823-1595;;restaurantes
Inconfidentes;Barriga Bar e Gastronomia;Bar;"R. Eng. Álvares Maciel, 11 - Centro, Inconfidentes - MG, 37576-000";(35) 99875-1404;;lanchonetes
Inconfidentes;Bertoldi's Sushi Bar - Culinária Oriental e Brasileira;Restaurante japonês;"R. Benedita Tolêdo Laira, 113 - Ouro Fino, MG, 37570-000";(35) 99864-5188;;bares
Inconfidentes;bgc pub;Gastropub;"R. Antero Simões, 55 - Trevo, Ouro Fino - MG, 37570-000";(35) 99862-4229;;bares
Inconfidentes;Black Buffalo Burger;Hamburgueria;"Av. Joaquim Francisco de Assis, 145 - Ouro Fino, MG, 37570-000";(35) 99765-7923;;hamburguerias
Inconfidentes;Boteco do Paulista;Bar;"R. Treze de Maio, 1188 - Ouro Fino, MG, 37570-000";(35) 99899-5696;https://instagram.com/boteco_do_paullista?igshid=YmMyMTA2M2Y=;bares
Inconfidentes;Box da Sandra - Box 22;Bar;"Tv. Mario Miranda - Ouro Fino, MG, 37570-000";(35) 99909-2163;;bares
Inconfidentes;Burguer LAB;;"Soares de Araújo - R. Faustino S de Araújo - Centro, Inconfidentes - MG, 37576-000";(35) 99734-5393;;hamburguerias
Inconfidentes;Buteco Do Clesinho;Bar;"R. Léo Adolfo Rigoto, 90 - Ouro Fino, MG, 37570-000";(35) 3441-1653;;bares
Inconfidentes;Café e Doces Sarapu;Espresso bar;"MG-290, Inconfidentes - MG, 37576-000";(35) 99942-8190;https://instagram.com/docessarapu?utm_medium=copy_link;restaurantes
Inconfidentes;Café Tradição de Minas;Escritório da empresa;"R. Pref. José Serra, 99 - Centro, Ouro Fino - MG, 37570-000";(35) 3441-3375;;cafés
Inconfidentes;Casa boa;Bar;"R. Treze de Maio - Ouro Fino, MG, 37570-000";(35) 99723-0649;;bares
Inconfidentes;Casa do Lanche;Lanchonete;"Rua: Engenheiro Alvares Maciel, 148, Inconfidentes - MG, 37576-000";(35) 99720-2028;https://instabio.cc/21209XxfCra;restaurantes
Inconfidentes;Cascavel Lanch;Lanchonete;"R. Treze de Maio - Ouro Fino, MG, 37570-000";(35) 3441-3351;;bares
Inconfidentes;Cascavel Lanches;Lanchonete;"Praça Dr. Euríco Santos de Abreu, 115 - Centro, Ouro Fino - MG, 37570-000";(35) 3441-3351;https://m.facebook.com/Cascavel-Lanches-760902627625145/?ref=bookmarks;restaurantes
Inconfidentes;Caverna do Imigrante Café e Bar;Cafeteria;"Av. Alvarenga Peixoto, Inconfidentes - MG, 37576-000";(35) 99828-8669;;lanchonetes
Inconfidentes;Central Skate House Rock Bar & Shop;Bar;"R. Floriano Peixoto, 182 - Ouro Fino, MG, 37570-000";(35) 3181-0192;;bares
Inconfidentes;Cervejaria Inconfidentes;Bares;"Praça Gomes Freire - R. João Pinheiro, 40 - Mariana, MG, 35420-000";(31) 3557-4238;;bares
Inconfidentes;Cidinho lanches;Lanchonete;"R. Miranda Neto, 459 - palomos, Ouro Fino - MG, 37570-000";3441-6679;;bares
Inconfidentes;Colonia Pousada e Restaurante;Pousada;"Av. Alvarenga Peixoto, 926, Inconfidentes - MG, 37576-000";(35) 99954-8773;;restaurantes
Inconfidentes;Coronel Burger Ouro Fino;Hamburgueria;"R. Treze de Maio, 1098 - Ouro Fino, MG, 37570-000";(35) 99896-8590;http://cardapioof.com.br/?coronel;hamburguerias
Inconfidentes;Del Toro Burgers;Hamburgueria;"R. Pref. José Serra, 163 - Ouro Fino, MG, 37570-000";(35) 3441-3433;https://www.facebook.com/pg/Del-TORO-Burgers-820440098306895/posts/?ref=page_internal;hamburguerias
Inconfidentes;Doce Sabor Confeitaria Artesanal;Confeitaria;"R. Eng. Álvares Maciel, 427 - Centro, Inconfidentes - MG, 37576-000";(35) 99878-2217;https://docesaborconfeitaria.com.br/;padarias
Inconfidentes;Don Paolo Restaurante & Pizzaria;Pizzaria;"Zap (34) 9719, R.Major Sebastião Reis, 75 - 6380 - Centro, Ouro Fino - MG, 37570-000";(35) 3441-7223;;restaurantes
Inconfidentes;Empório Dall'O;;"Av. Alvarenga Peixoto, 365, Inconfidentes - MG, 37576-000";(35) 99814-0566;https://www.instagram.com/dalloalimentos/;cafés
Inconfidentes;Fior di Latte Gelateria;Sorveteria;"Praça Edson Chiste, R. Glauco Bailoni, 31 - Ouro Verde, Ouro Fino - MG, 37570-000";(35) 99873-2685;;sorveterias
Inconfidentes;Food Truck Preto no Branco;Hamburgueria;"Av. Cyro Gonçalves - Centro, Ouro Fino - MG, 37570-000";(35) 99910-8910;;food truck
Inconfidentes;Food Truck Ronaldo;Fabricação de alimentos;"R. Guarda Mor Lustosa - Centro, Ouro Fino - MG, 37570-000";(35) 99836-2769;;food truck
Inconfidentes;Fried Chicken Republic;Restaurante fast-food;"R. Marília de Dirceu, 81, Inconfidentes - MG, 37576-000";(35) 99805-1335;;hamburguerias
Inconfidentes;Grano Empório & Café;Cafeteria;"Av. Cyro Gonçalves, 178a - Centro, Ouro Fino - MG, 37570-000";(35) 99852-0123;;cafés
Inconfidentes;Hawks Craft Beer & BBQ - Restaurante e Cervejaria;Restaurante;"R. Padre João Rabêlo, 39 - Ouro Fino, MG, 37570-000";(35) 99861-7828;http://www.hawksbbq.com.br/;bares
Inconfidentes;Madalena Soares sobrancelhas;Salão de sobrancelhas;"R. Bárbara Heliodora, 342 - Centro, Inconfidentes - MG, 37576-000";(35) 99927-9729;https://www.instagram.com/madalena.soares?igsh=MXF2Znkxcm15ZHdobw==&utm_source=qr;bares
Inconfidentes;Mansão Efiter;Bar informal;"R. Oscar Correia da Silva - Ouro Fino, MG, 37570-000";(35) 99964-1027;;bares
Inconfidentes;Mc Lanches;Lanchonete;"R. Eng. Álvares Maciel, 11 - Centro, Inconfidentes - MG, 37576-000";(35) 99875-1404;;restaurantes
Inconfidentes;MELKIS INCONFIDENTES SORVETES E AÇAI;Sorveteria;"Av. Alvarenga Peixoto, 169 - Centro, Inconfidentes - MG, 37576-000";(35) 99897-8737;;sorveterias
Inconfidentes;Mendel Marcenaria;Loja de marcenaria;"R. Srg. Mor Tolêdo Pizá, 152, Inconfidentes - MG, 37576-000";(35) 99832-9563;;bares
Inconfidentes;New York pizzaria;Pizzaria;"R. Marília de Dirceu, 134 - Centro, Inconfidentes - MG, 37576-000";(35) 99965-3299;;restaurantes
Inconfidentes;Nikola's Restaurante;Restaurante;"R. Américo Rossi, S/N - Sala 9 - Centro, Ouro Fino - MG, 37570-000";(35) 99772-8359;https://www.nikolasrestaurante.com.br/;bares
Inconfidentes;Ouro Mel Apiårio e Cafeteria;Café;"Rod. Doutor Francisco Bueno Brandão, 13 - Ouro Fino, MG, 37570-000";(35) 3441-0184;;cafés
Inconfidentes;Padaria A Brasileira;Padaria;"Av. Alvarenga Peixoto, 628, Inconfidentes - MG, 37576-000";(35) 91001-2921;https://wa.me/5535910012921;padarias
Inconfidentes;Padaria Artesanal Pão na Massa;Padaria;"R. Tupis - Ouro Fino, MG, 37570-000";(35) 99949-1609;https://padaria-artesanal-pao-na-massa.ola.click/products?fbclid=PAAabBMNuFY7KlOBckbAh6lOJDgH6IapoS9KLkHikxgWkK8xrJyvk1p08Anm4;padarias
Inconfidentes;Padaria e Confeitaria Nosso Pão;Padaria;"Av. Alvarenga Peixoto, 650, Inconfidentes - MG, 37576-000";(35) 3464-1828;;padarias
Inconfidentes;Padaria e Confeitaria Pão de Açúcar;Padaria;"R. João Pinheiro, 28 - Ouro Fino, MG, 37570-000";(35) 3441-1130;;padarias
Inconfidentes;Padaria e Confeitaria São Francisco;Padaria;"R. Treze de Maio, 1520 - Ouro Fino, MG, 37570-000";(35) 3441-1990;https://bakery-and-confectionery.shop/;padarias
Inconfidentes;Padaria e Confeitaria São José;Padaria;"R. Joaquim J. Maia, 329A - Centro, Inconfidentes - MG, 37576-000";(35) 99824-4609;;padarias
Inconfidentes;Padaria são geraldo;Padaria;"R. Cláudio Manoel da Costa, Inconfidentes - MG";(35) 99860-4135;;padarias
Inconfidentes;Pizzas Stop;Pizzaria;"Av. Alvarenga Peixoto, 2-102, Inconfidentes - MG, 37576-000";(35) 99903-8459;;restaurantes
Inconfidentes;Pousada Café em Flor;;"Rodovia Otacílio Bonamichi, 1048, Inconfidentes - MG, 37576-000";(35) 91001-3348;https://pousadacafeemflor.com.br/;cafés
Inconfidentes;Pousada Caminho Da Fé;;"MG-290, Inconfidentes - MG, 37576-000";(35) 99817-1465;;bares
Inconfidentes;POUSADA DO MAURÃO;;"Rodovia Otacílio Bonamichi, 340 - SANTA ISABEL, Inconfidentes - MG, 37576-000";(35) 99984-6339;https://www.instagram.com/pousadadomaurao/;cafés
Inconfidentes;Pousada Santa Varanda;;"Av. Alvarenga Peixoto, 327, Inconfidentes - MG, 37576-000";(35) 99879-4580;;bares
Inconfidentes;Quiel Salgadaria;Pizzaria;"Av. Alvarenga Peixoto, 715, Inconfidentes - MG, 37576-000";(35) 99978-6219;;restaurantes
Inconfidentes;Quintal Bamboa;Restaurante;"R. Sete de Setembro, 40 - Ouro Fino, MG, 37570-000";(35) 99950-2711;http://quintalbamboa.saipos.com/home;bares
Inconfidentes;Rancheiro | Bar & Petiscaria;Bar;"Estrada Zona Rural, SN Soledade Do Mogi, Inconfidentes - MG, 37576-000";(11) 98213-6370;;bares
Inconfidentes;Restaurante Chão Mineir'o;Restaurante Mineiro;"Av. Alvarenga Peixoto, 628 B - Centro, Inconfidentes - MG, 37576-000";(35) 99781-0320;;restaurantes
Inconfidentes;Restaurante do Barriga;Restaurante;"Av. Arlindo Bonamichi, N° 2 - Santa Isabel, Inconfidentes - MG, 37576-000";(35) 99772-1224;;restaurantes
Inconfidentes;Restaurante e Churrascaria Na Brasa;Restaurante;"Av. Alvarenga Peixoto - Monjolinho, Inconfidentes - MG, 37576-000";(35) 99774-3345;;restaurantes
Inconfidentes;Restaurante Imigrantes;Restaurante;"R. Cláudio Manoel da Costa - Centro, Inconfidentes - MG, 37576-000";(35) 99890-2344;https://www.instagram.com/invites/contact/?i=1og8bx7dkgymb&utm_content=m0cn0e4;restaurantes
Inconfidentes;Restaurante Sabor da Casa;Restaurante;"Rod. João Taváres Corrêa Beral, Inconfidentes - MG, 37576-000";(35) 99920-9456;;restaurantes
Inconfidentes;Restaurante Terra Mineira;Restaurante;"Rod. João Taváres Corrêa Beral, Inconfidentes - MG, 37576-000";(35) 99973-1027;https://wa.me/35999731027;restaurantes
Inconfidentes;Rhaízes Cafés Especiais;Loja de café;"Zona Rural - Roma, Inconfidentes - MG, 37576-000";(35) 99882-2239;;cafés
Inconfidentes;RR Caminho & Brasa;Lanchonete;"MG-290, km 43, Inconfidentes - MG, 37576-000";(35) 99823-0018;;bares
Inconfidentes;Serra Cafés Especiais;Fazenda;;(11) 97349-1149;;cafés
Inconfidentes;SN Lanches;Lanchonete;"Zap ( 19 - 92009.0186 - Centro, Ouro Fino - MG, 37570-000";(35) 3441-6771;;bares
Inconfidentes;Sorvetes Natuice;;"R. Marília de Dirceu, 134 - Centro, Inconfidentes - MG, 37576-000";(35) 99969-4120;;sorveterias
Inconfidentes;Supermercado e Paneteria Inconfrios;Supermercado;"R. Vidal Barbosa, Inconfidentes - MG, 37576-000";(35) 3464-1576;;padarias
Inconfidentes;Texas Burguer;Lanchonete;"Rodovia Otacílio Bonamichi, 181, Inconfidentes - MG, 37576-000";(35) 99730-7463;https://wa.me/5535997307463;restaurantes
Inconfidentes;Tio Doca;Padaria;"Av. Alvarenga Peixoto, 805, Inconfidentes - MG, 37576-000";(35) 3464-1311;;padarias
Inconfidentes;Tonhecas Food Truck;Lanchonete;"Av. Washington Luís - Jardim das Rosas, Espírito Santo do Pinhal - SP, 13990-000";(19) 3651-2004;;food truck
Inconfidentes;Trash Bar;Bar com música ao vivo;"Av. Frei Henrique Soares, 304 - Inconfidentes, Contagem - MG, 32260-340";(31) 99410-2368;;bares
Inconfidentes;Venda Do Genu;Bar;"Inconfidentes - MG, 37576-000";99970-6280;;bares
Ouro Fino;ABBA CAFÉ;Cafeteria;"R. Mário Giacometti, 136 - Ouro Fino, MG, 37570-000";(35) 99958-3965;;cafés
Ouro Fino;AÇOUGUE BOI NOBRE - Do Gu - Ouro Fino;Açougue;"R. Manoel Jesuíno de Carvalho, 1721 - Parreiras, Ouro Fino - MG, 37570-000";(35) 99747-2542;;açougues
Ouro Fino;Açougue do Diego;Loja de produtos cárneos;"R. Afonso Piovesan, 169 - Jardim Belo Horizonte, Ouro Fino - MG, 37570-000";(35) 99757-5556;;açougues
Ouro Fino;Acougue Joabner;Açougue;"R. Bias Fortes, 156 - Centro, Ouro Fino - MG, 37570-000";(35) 3636-1680;;açougues
Ouro Fino;Açougue Nossa Senhora das Graças;Açougue;"R. Manoel Jesuíno de Carvalho, 1721 - Parreiras, Ouro Fino - MG, 37570-000";(35) 99821-8617;;açougues
Ouro Fino;Açougue Ouro Carnes;Açougue;"R. Joaquim Chavasco, 685 - Ouro Fino, MG, 37570-000";(35) 3441-2767;;açougues
Ouro Fino;Adega Parada Obrigatória;Loja de bebidas;"Av. Dr. Pompeu Rossi, 184 - Centro, Ouro Fino - MG, 37570-000";(35) 99713-9660;https://www.instagram.com/parada_obrigatoria.adega;bares
Ouro Fino;Adega Resenha;Bar e Grill;"R. Guarda Mor Lustosa, 534 - Centro, Ouro Fino - MG, 37570-000";(35) 99763-5436;;bares
Ouro Fino;Aki Lanches;;"R. Treze de Maio - Ouro Fino, MG, 37570-000";(35) 99757-9380;;lanchonetes
Ouro Fino;Alfa Cortinas e Decorações;Loja de cortinas e persianas;"R. João Pinheiro, 39 - Centro, Ouro Fino - MG, 37570-000";(35) 99873-1631;;lanchonetes
Ouro Fino;AMARILDO LANCHES;Lanchonete;"R. Treze de Maio, 2123-2297 - Ouro Fino, MG, 37570-000";(35) 99811-3697;;restaurantes
Ouro Fino;Arcos de Ouro Fino;Café;"R. João Moreira de Melo, 226 - Ouro Fino, MG, 37570-000";(35) 99700-5550;;cafés
Ouro Fino;Bar da Zi;Bar;"R. Volveno Germiniani - Ouro Fino, MG, 37570-000";(35) 99761-1952;;bares
Ouro Fino;Bar do Márcio;Bar;"Estr. Laranjal - Ouro Fino, MG, 37570-000";(35) 99978-0146;;bares
Ouro Fino;BAR DO TREVO;Bar;"R. João Ribeiro, 134 - Centro, Ouro Fino - MG, 37570-000";(35) 99820-9666;;restaurantes
Ouro Fino;Bar e Choperia do Lazinho;Bar;"R. Manoel Jesuíno, 928 - Ouro Fino, MG, 37570-000";(35) 99994-4391;;bares
Ouro Fino;Bendita Gula Hamburgueria e Salgadaria.;Lanchonete;"R. Pref. José Serra, 46 - Centro, Ouro Fino - MG, 37570-000";(35) 99821-4826;https://benditagula-bra.ola.click/;hamburguerias
Ouro Fino;Bertoldi's Sushi Bar - Culinária Oriental e Brasileira;Restaurante japonês;"R. Benedita Tolêdo Laira, 113 - Ouro Fino, MG, 37570-000";(35) 99864-5188;;restaurantes
Ouro Fino;bgc pub;Gastropub;"R. Antero Simões, 55 - Trevo, Ouro Fino - MG, 37570-000";(35) 99862-4229;;bares
Ouro Fino;Biba's Restaurante;Restaurante;"R. Sen. Miranda Jr, 141 - Ouro Fino, MG, 37570-000";(35) 3441-1985;;restaurantes
Ouro Fino;Black Buffalo Burger;Hamburgueria;"Av. Joaquim Francisco de Assis, 145 - Ouro Fino, MG, 37570-000";(35) 99765-7923;;hamburguerias
Ouro Fino;Boteco do Paulista;Bar;"R. Treze de Maio, 1188 - Ouro Fino, MG, 37570-000";(35) 99899-5696;https://instagram.com/boteco_do_paullista?igshid=YmMyMTA2M2Y=;bares
Ouro Fino;Box da Sandra - Box 22;Bar;"Tv. Mario Miranda - Ouro Fino, MG, 37570-000";(35) 99909-2163;;bares
Ouro Fino;Buteco Do Clesinho;Bar;"R. Léo Adolfo Rigoto, 90 - Ouro Fino, MG, 37570-000";(35) 3441-1653;;bares
Ouro Fino;Buti Empório e Cafés;Cafeteria;"R. João Pinheiro, 81 - Centro, Ouro Fino - MG, 37570-000";(35) 99968-8560;https://buticoffee.com.br/;cafés
Ouro Fino;Café Caminhos de Minas;Cafeteria;"R. Dona Olímpia de Barros Miranda, 2 - Ouro Fino, MG, 37570-000";(35) 99717-7377;;lanchonetes
Ouro Fino;Café Juruna;Espresso bar;"R. Guarda Mor Lustosa, 363 - sala Ab - Ouro Fino, MG, 37570-000";(35) 99810-7865;;cafés
Ouro Fino;Café Porteira De Minas;Café;"Av. Joaquim Francisco de Assis, 434 - Ouro Fino, MG, 37570-000";(35) 3441-2353;;cafés
Ouro Fino;Café Tradição de Minas;Escritório da empresa;"R. Pref. José Serra, 99 - Centro, Ouro Fino - MG, 37570-000";(35) 3441-3375;;cafés
Ouro Fino;Cafeteria Inverno D´Italia;Café;"R. Treze de Maio, 471 - Centro, Ouro Fino - MG, 37570-000";(35) 3441-7133;https://www.facebook.com/InvernoDItaliaCoffeeCompany?fref=ts;lanchonetes
Ouro Fino;Canaã pizzaria e hamburgueria;Pizzaria;"José Gilberto Martins, Av. dos Palomos, 120, Ouro Fino - MG, 35750-000";(35) 99763-0167;;pizzarias
Ouro Fino;Capitol Restaurante;Restaurante;"Av. Cyro Gonçalves, 59 - Centro, Ouro Fino - MG, 37570-000";(35) 99811-0657;;restaurantes
Ouro Fino;Casa boa;Bar;"R. Treze de Maio - Ouro Fino, MG, 37570-000";(35) 99723-0649;;bares
Ouro Fino;Casa de Carnes Bolognani;Açougue;"R. Treze de Maio, 980 - Ouro Fino, MG, 37570-000";(35) 99950-3574;;açougues
Ouro Fino;Casa de Carnes Moderna (açougue do João);Supermercado;"R. Treze de Maio, 1231 - Ouro Fino, MG, 37570-000";(35) 3441-2454;;açougues
Ouro Fino;Casa de Carnes Nossa Senhora da Piedade;Açougue;"Av. Joaquim Francisco de Assis, 139 - Ouro Fino, MG, 37570-000";(35) 3441-2462;;açougues
Ouro Fino;Casa de Carnes Santa Lúcia;Açougue;"Av. Delfim Moreira, 313 - Ouro Fino, MG, 37570-000";(35) 3441-1966;;açougues
Ouro Fino;Casa de Carnes Zebú;Açougue;"R. Dep. Alcídes Mosconi, 22 - Ouro Fino, MG, 37570-000";(35) 3441-5048;;açougues
Ouro Fino;Casa do Peregrino;;"R. Maj. Sebastião Píres, 238 - Ouro Fino, MG, 37570-000";(35) 3441-6214;;cafés
Ouro Fino;Cascavel Lanch;Lanchonete;"R. Treze de Maio - Ouro Fino, MG, 37570-000";(35) 3441-3351;;restaurantes
Ouro Fino;Cascavel Lanches;Lanchonete;"Praça Dr. Euríco Santos de Abreu, 115 - Centro, Ouro Fino - MG, 37570-000";(35) 3441-3351;https://m.facebook.com/Cascavel-Lanches-760902627625145/?ref=bookmarks;restaurantes
Ouro Fino;Central Skate House Rock Bar & Shop;Bar;"R. Floriano Peixoto, 182 - Ouro Fino, MG, 37570-000";(35) 3181-0192;;bares
Ouro Fino;CHAPA QUENTE LANCHES;Restaurante;"Ouro Fino, MG, 37570-000";(35) 99895-4022;;lanchonetes
Ouro Fino;Cheese Cheese Hambúrguer;Hamburgueria;"R. Benedito Ramos Muniz, 42 - Lote Belo Horizonte, Ouro Fino - MG, 37570-000";(11) 94555-4088;;hamburguerias
Ouro Fino;Cidinho lanches;Lanchonete;"R. Miranda Neto, 459 - palomos, Ouro Fino - MG, 37570-000";3441-6679;;restaurantes
Ouro Fino;confeitaria Elisa Trindade e Sanduba lanches;Confeitaria;"R. Adelia Trombini, 70 - Ouro Fino, MG, 37570-000";(35) 99990-1814;;lanchonetes
Ouro Fino;Coronel Burger Ouro Fino;Hamburgueria;"R. Treze de Maio, 1098 - Ouro Fino, MG, 37570-000";(35) 99896-8590;http://cardapioof.com.br/?coronel;restaurantes
Ouro Fino;Coronel Pizzaria Ouro Fino;Pizzaria;"R. Treze de Maio, 1068 - Ouro Fino, MG, 37570-000";(35) 3181-0700;;restaurantes
Ouro Fino;D’Ouro Café;Cafeteria;"R. Treze de Maio, 723 - Centro, Ouro Fino - MG, 37570-000";(35) 99905-3245;https://www.instagram.com/d_ourocafe?igsh=MTBnNHBxcDA2ZHpweQ==&utm_source=qr;cafés
Ouro Fino;Davi's Pizza Co - Pizzaria em Ouro Fino MG;Delivery de Pizza;"R. Bias Fortes, 427 B - Alto, Ouro Fino - MG, 37570-000";(35) 99705-4326;;restaurantes
Ouro Fino;De Casa Steakhouse;Açougue gourmet;"R. João Pinheiro, 253 - CENTRO, Ouro Fino - MG, 37570-000";(35) 3181-0212;https://ze.onelink.me/qZhP/arsa7v12;açougues
Ouro Fino;Del Toro Burgers;Hamburgueria;"R. Pref. José Serra, 163 - Ouro Fino, MG, 37570-000";(35) 3441-3433;https://www.facebook.com/pg/Del-TORO-Burgers-820440098306895/posts/?ref=page_internal;restaurantes
Ouro Fino;Dennys Disk Pizza;Restaurante;"R. Benedito Ramos Muniz, 214 - Ouro Fino, MG, 37570-000";(35) 3441-6534;;pizzarias
Ouro Fino;DoceFestas;Loja;"Praça Paulino Paulini, 20 - Ouro Fino, MG, 37570-000";(35) 3441-3394;;lanchonetes
Ouro Fino;Dogão de Minas of;Lanchonete;"Av. Cyro Gonçalves - Centro, Ouro Fino - MG, 37570-000";(35) 99939-4187;;restaurantes
Ouro Fino;Don Paolo Restaurante & Pizzaria;Pizzaria;"Zap (34) 9719, R.Major Sebastião Reis, 75 - 6380 - Centro, Ouro Fino - MG, 37570-000";(35) 3441-7223;;restaurantes
Ouro Fino;Doulos Delícias Caseiras;Panificadora de pães no vapor;"Rua Pedro Colombo, Av. dos Palomos, 179, Ouro Fino - MG, 37570-000";(35) 99870-6215;;restaurantes
Ouro Fino;Empório Dona Maria;Restaurante brasileiro;"R. João Pinheiro, 234 - Centro, Ouro Fino - MG, 37570-000";(35) 3636-1922;;restaurantes
Ouro Fino;Espetinho dos Amigos;Churrascaria;"R. Guarda Mor Lustosa, 252 - Ouro Fino, MG, 37570-000";(35) 99831-3777;;bares
Ouro Fino;Estância Valley;Restaurante familiar;"Av. José Francisco Vilas Boas, 2 - Ouro Fino, MG, 37570-000";(35) 91017-5056;;restaurantes
Ouro Fino;Falcafé Ouro Fino;Exportadora;"Rodovia MG 290, km 54,1 Cx Post. 118, Ouro Fino - MG, 37570-000";(35) 3441-1914;http://www.falcafe.com.br/;cafés
Ouro Fino;"Favorita, pizzaria e fogazzaria";Delivery;"Av. Delfim Moreira, 473 - Ouro Fino, MG, 37570-000";(35) 3441-6938;;restaurantes
Ouro Fino;Felicittá Cestas e Presentes;Loja de cestas de presente;"R. Treze de Maio, 1000 - Centro, Ouro Fino - MG, 37570-000";(35) 99752-6547;;lanchonetes
Ouro Fino;Fernando Cabeleireiro Unissex;Salão de Beleza;"Av. Delfim Moreira, 212 - Ouro Fino, MG, 37570-000";(35) 3441-3535;;lanchonetes
Ouro Fino;Fior di Latte Gelateria;Sorveteria;"Praça Edson Chiste, R. Glauco Bailoni, 31 - Ouro Verde, Ouro Fino - MG, 37570-000";(35) 99873-2685;;sorveterias
Ouro Fino;Fome D'Coxinha Ouro Fino;Diner;"R. Treze de Maio, 999 - Centro, Ouro Fino - MG, 37570-000";(35) 99748-9056;https://www.facebook.com/fomed.coxinha;cafés
Ouro Fino;Food Truck Preto no Branco;Hamburgueria;"Av. Cyro Gonçalves - Centro, Ouro Fino - MG, 37570-000";(35) 99910-8910;;lanchonetes
Ouro Fino;Food Truck Ronaldo;Fabricação de alimentos;"R. Guarda Mor Lustosa - Centro, Ouro Fino - MG, 37570-000";(35) 99836-2769;;food truck
Ouro Fino;Fornaza Hamburgueria e Happy Hour;Restaurante;"Zap ( 19 - 92009.0186 - Centro, Ouro Fino - MG, 37570-000";(35) 99138-1216;https://app.menudino.com/fornazapub;restaurantes
Ouro Fino;Godoy's Pizzaria;Pizzaria;"R. Sete de Setembro, 410 - Alto, Ouro Fino - MG, 37570-000";(35) 99771-7575;"https://api.whatsapp.com/send?phone=5535997717575&text=Ol%C3%A1,%20gostaria%20de%20fazer%20meu%20pedido!%20%F0%9F%98%8B";lanchonetes
Ouro Fino;Gordão Lanches;Lanchonete;"Zap ( 19 - 92009.0186 - Centro, Ouro Fino - MG, 37570-000";(35) 99939-4597;;restaurantes
Ouro Fino;Gran Monteiro Cafés Especiais;Loja;"R. Floriano Peixoto, 223 - CENTRO, Ouro Fino - MG, 37570-000";(35) 99954-3691;https://www.granmonteiro.com.br/;cafés
Ouro Fino;Grano Empório & Café;Cafeteria;"Av. Cyro Gonçalves, 178a - Centro, Ouro Fino - MG, 37570-000";(35) 99852-0123;;restaurantes
Ouro Fino;HAWAII LANCHES;Lanchonete;"R. Maj. Sebastião Píres - Ouro Fino, MG, 37570-000";(35) 99979-3284;;restaurantes
Ouro Fino;Hawks Craft Beer & BBQ - Restaurante e Cervejaria;Restaurante;"R. Padre João Rabêlo, 39 - Ouro Fino, MG, 37570-000";(35) 99861-7828;http://www.hawksbbq.com.br/;restaurantes
Ouro Fino;Indústria e Comércio de Sorvetes Ice'N'Up Ltda;Sorveteria;"R. Benedito Antônio dos Santos, 170 - Crisólia, Ouro Fino - MG, 37572-000";(35) 3446-5225;;sorveterias
Ouro Fino;KI DELÍCIA sorvetes e açaí.;Sorveteria;"Praça Salvador Franceli, 35 - São José do Mato Dentro, Ouro Fino - MG, 37570-000";(35) 99978-1740;;sorveterias
Ouro Fino;Ki-Rolo Sorvetes na Chapa;Sorveteria;"R. Guarda Mor Lustosa, 363 - Sala A - Centro, Ouro Fino - MG, 37570-000";(35) 99777-5786;https://www.facebook.com/kiroloice/;padarias
Ouro Fino;Koinonia Sushi;Restaurante;"R. Treze de Maio - Centro, Ouro Fino - MG, 37570-000";(35) 99939-9986;https://instagram.com/koinoniaouro?igshid=YmMyMTA2M2Y=;restaurantes
Ouro Fino;La Casa;Pizzaria;"R. João Moreira de Melo, 108 - Ouro Fino, MG, 37570-000";(35) 98705-2564;;pizzarias
Ouro Fino;La Chapa Lanches;Lanchonete;"R. João Lúcio Brandão, 143 - Veronez, Ouro Fino - MG, 37570-000";(35) 99937-3353;;restaurantes
Ouro Fino;La Griglia;Empório gourmet;"R. Mario Miranda, 78 - Ouro Fino, MG, 37570-000";(35) 99989-9214;;lanchonetes
Ouro Fino;Lanche da Luzia;Lanchonete;"Zap ( 19 - 92009.0186 - Centro, Ouro Fino - MG, 37570-000";(35) 3441-5477;https://www.facebook.com/pg/Luzia-de-Andrade-563962597318881/about/https://www.facebook.com/pg/Luzia-de-Andrade-563962597318881/about/;lanchonetes
Ouro Fino;LANCHE DO BEM;Fornecedor de alimentos e bebidas para catering;"Av. Cyro Gonçalves, 182 - Centro, Ouro Fino - MG, 37570-000";(35) 99862-3001;;lanchonetes
Ouro Fino;LANCHONETE DUDA'S LANCHES;Lanchonete;"R. Manoel Jesuíno de Carvalho, 1535 - Parreiras, Ouro Fino - MG, 37570-000";(35) 99757-1792;;hamburguerias
Ouro Fino;Lê Sorvetes;Sorveteria;"R. Manoel Jesuíno, 1069 - Ouro Fino, MG, 37570-000";(35) 99745-8632;https://m.facebook.com/lesorvetes1/?refid=52&ref=bookmarks&notif_t=like&__tn__=HH-R;sorveterias
Ouro Fino;Lilica Lanches Cantina;Lanchonete;"R. Treze de Maio, 2054 - Bela Vista, Ouro Fino - MG, 37570-000";(35) 99976-8693;http://www.facebook.com/lilicalanchesdelivery;lanchonetes
Ouro Fino;Luizão Lanches;Lanchonete;"Av. Delfim Moreira, n° 700 - Ouro Fino, MG, 37570-000";(35) 99987-6408;https://www.buscardapio.com.br/ouro-fino/luizao-lanches?mcp_token=eyJwaWQiOjE2NzEwNDYsInNpZCI6MjA4NzY1OTY5NSwiYXgiOiJkMmJkMDZiZjZiYjQ3YjA4MGZlNDYxYTM0YTNhOTIwNyIsInRzIjoxNzIzMzg4OTg2LCJleHAiOjE3MjU4MDgxODZ9.tDmbCU7emeNIgHmbYhGn_B3OYkFzyu3Pug6QNnyBQUg&mcp_token=eyJwaWQiOjE2NzEwNDYsInNpZCI6MjA4NzY1OTY5NSwiYXgiOiI1MzRkOGJlOWFjYjk1NjMzNTAyOTkxMmJiMzQ5OWI5YSIsInRzIjoxNzIzNTkyNTY4LCJleHAiOjE3MjYwMTE3Njh9.ADwuZvS9W6Ou81uzSCVjs_nHsYXd4OPieWm2NI182u8;restaurantes
Ouro Fino;ma cherie Lívia Megale;Confeitaria;"R. Pref. José Serra, 255 - CENTRO, Ouro Fino - MG, 37570-000";(35) 98856-9931;https://www.instagram.com/macherie_liviamegale/#;padarias
Ouro Fino;Mansão Efiter;Bar informal;"R. Oscar Correia da Silva - Ouro Fino, MG, 37570-000";(35) 99964-1027;;restaurantes
Ouro Fino;Margini Lanches;Lanchonete;"Praça José Ribeiro de Miranda, número 9, Ouro Fino - MG, 37570-000";(35) 99969-1854;;restaurantes
Ouro Fino;Marmitas da Diana - Comida caseira em Ouro Fino MG;Restaurante Mineiro;"R. João Cândido Alves, 393 - Ouro Fino, MG, 37570-000";(35) 99823-2845;https://wa.me/5535998232845;restaurantes
Ouro Fino;Mega Fome Hambúrgueria;Hamburgueria;"R. Henrique Dias, 43 - Alto, Ouro Fino - MG, 37570-000";(35) 99977-5936;;hamburguerias
Ouro Fino;Melkis Ouro Fino - Sorvetes & Açaí;Sorveteria;"R. Aníbal Zoratini, 35 - Centro, Ouro Fino - MG, 37570-000";(35) 99781-3696;https://bit.ly/Melkis-Anota-Ai;padarias
Ouro Fino;MOEMA RESTAURANTE - Ouro fino;Restaurante;"Rod MG, 290 KM53, Ouro Fino - MG, 37570-000";(35) 99956-2036;https://instagram.com/moema.restaurante?igshid=NTc4MTIwNjQ2YQ==;restaurantes
Ouro Fino;Montanhes Clube;Clube;"R. Geraldo Pinto Ribeiro, 180 - Centro, Ouro Fino - MG, 37570-000";(35) 3441-1226;http://www.montanhesclube.com/;bares
Ouro Fino;"Monumento ""Boi sem Coração""";Atração turística;"ao lado do monumento boi sem coração - R. Guarda Mor Lustosa, 445 - Ouro Fino, MG, 37570-000";(35) 99129-3951;https://www.ourofino.mg.gov.br/;sorveterias
Ouro Fino;Monumento Menino da Porteira;Monumento;"R. João Ribeiro, 2 - Ouro Fino, MG, 37570-000";(35) 3441-7693;http://www.ourofino.mg.gov.br/;lanchonetes
Ouro Fino;"Murato Flora, Café e Paisagismo";Cafeteria;"MG-290, km 53 - 8, Ouro Fino - MG, 37570-000";(35) 99940-6929;;cafés
Ouro Fino;Nikola's Restaurante;Restaurante;"R. Américo Rossi, S/N - Sala 9 - Centro, Ouro Fino - MG, 37570-000";(35) 99772-8359;https://www.nikolasrestaurante.com.br/;restaurantes
Ouro Fino;Osvaldo Luiz Barbosa;;"Ouro Fino, MG, 37570-000";(35) 3441-1203;;açougues
Ouro Fino;Ouro Açaí & Fino Sorvete;Sorveteria;"R. Sen. Júlio Brandão, 111 - Ouro Fino, MG, 37570-000";(35) 99990-7165;;sorveterias
Ouro Fino;Ouro Mel Apiårio e Cafeteria;Café;"Rod. Doutor Francisco Bueno Brandão, 13 - Ouro Fino, MG, 37570-000";(35) 3441-0184;;lanchonetes
Ouro Fino;OUROMEL CAFETERIA;Café;"Rua Guarda Mor Lustosa, 364 - Ouro Fino, MG, 37570-000";(35) 3441-0184;http://www.facebook.com/profile.php?id=100003367722864;cafés
Ouro Fino;Padaria do Lau;Padaria;"R. Joaquim Chavasco, 705 - São Judas, Ouro Fino - MG, 37570-000";(35) 3441-5724;;lanchonetes
Ouro Fino;Padaria e Cafeteria Menino da Porteira;Cafeteria;"R. Guarda Mor Lustosa, 498 - Centro, Ouro Fino - MG, 37570-000";(35) 99718-5413;;padarias
Ouro Fino;Padaria e Confeitaria Baronesa;Padaria;"R. Aníbal Zoratini - Ouro Fino, MG, 37570-000";(35) 99895-8226;;lanchonetes
Ouro Fino;Padaria e Confeitaria Pão de Açúcar;Padaria;"R. João Pinheiro, 28 - Ouro Fino, MG, 37570-000";(35) 3441-1130;;lanchonetes
Ouro Fino;Padaria e Confeitaria São Benedito;Padaria;"R. Afonso Pena, 389 - Alto, Ouro Fino - MG, 37570-000";(35) 3441-1154;;padarias
Ouro Fino;Padaria e Confeitaria São Francisco;Padaria;"R. Treze de Maio, 1520 - Ouro Fino, MG, 37570-000";(35) 3441-1990;https://bakery-and-confectionery.shop/;padarias
Ouro Fino;Padaria e Mini Mercado Real;Mercado;"R. Cabo Antônio Pinto Lisboa, 10 - Jardim expedicionário, Ouro Fino - MG, 37570-000";(35) 99820-1200;;padarias
Ouro Fino;Padaria Recanto de Minas;Padaria;"R. Manoel Jesuíno, 1265 - Ouro Fino, MG, 37570-000";(35) 99729-4437;;padarias
Ouro Fino;PAPA PIZZA - pizzaria em Ouro fino;Pizzaria;"R. Treze de Maio, 1458 - Cata, Ouro Fino - MG, 37570-000";(35) 99969-4017;https://www.facebook.com/PapaPizzaDelivery/;restaurantes
Ouro Fino;PARADA DA MANU lanchonete;Lanchonete;"Rodovia mg290 km 53.5, Ouro Fino - MG, 37570-000";(35) 99112-4272;;lanchonetes
Ouro Fino;Paul Lanches;Lanchonete;"R. Afonso Pena, 400 - Alto, Ouro Fino - MG, 37570-000";(35) 99825-0537;https://cardapioof.com.br/?paullanches;restaurantes
Ouro Fino;Pitburguers Mazulanches;Restaurante;"Ouro Fino, MG, 37570-000";(35) 99908-6255;;restaurantes
Ouro Fino;Pizzaria Aladim;Pizzaria;"R. Treze de Maio, 1294 - Ouro Fino, MG, 37570-000";(35) 99845-7655;;restaurantes
Ouro Fino;pizzaria Joaber;Pizzaria;"Av. Joaquim Francisco de Assis - Centro, Ouro Fino - MG, 37570-000";(35) 99897-4409;;restaurantes
Ouro Fino;Pousada Brasil Colonial;;"R. Cel Gustavo Barbosa, 135 - Centro, Ouro Fino - MG, 37570-000";(35) 99757-3549;https://instagram.com/pousadabrasilcolonial?utm_medium=copy_link;sorveterias
Ouro Fino;POUSADA MATRIZ 2;;"R. Floriano Peixoto, 251 - Ouro Fino, MG, 37570-000";(35) 99877-6183;;cafés
Ouro Fino;Quintal Bamboa;Restaurante;"R. Sete de Setembro, 40 - Ouro Fino, MG, 37570-000";(35) 99950-2711;http://quintalbamboa.saipos.com/home;restaurantes
Ouro Fino;R&L Lanches;Lanchonete;"R. Cel Gustavo Barbosa, 15 - Ouro Fino, MG, 37570-000";(35) 99731-1680;;lanchonetes
Ouro Fino;RANCHÃO CHOPERIA;Restaurante;"Av. Nossa Sra. da Piedade - Crisólia, Ouro Fino - MG, 37572-000";(35) 99753-5055;;restaurantes
Ouro Fino;Restaurante & Churrascaria LIMA;Restaurante;"Rodovia, MG-290, Ouro Fino - MG";(35) 3181-0333;https://www.facebook.com/churraslima/;restaurantes
Ouro Fino;Restaurante CUCA FRESCA;Restaurante Mineiro;"R. Maj. Sebastião Píres, 50 - Ouro Fino, MG, 37570-000";(35) 99948-1002;;restaurantes
Ouro Fino;Restaurante Delícia de Sabor;Restaurante;"R. Sen. Miranda Jr, N 302 - Centro, Ouro Fino - MG, 37570-000";(35) 99829-9709;;restaurantes
Ouro Fino;"Restaurante do Isaias, Ponte Preta, Ouro Fino, MG";Restaurante Mineiro;"R. Américo Marinelo, 1699 - Ouro Fino, MG, 37570-000";(35) 99864-4583;;sorveterias
Ouro Fino;Restaurante Fogão a Lenha;Restaurante;"Rodovia MG290- km 56 Tijuco Preto, Ouro Fino - MG, 37570-000";(35) 3441-1465;;restaurantes
Ouro Fino;Restaurante Maria di Minas;Restaurante;"R. Floriano Peixoto, 75 - Centro, Ouro Fino - MG, 37570-000";(35) 99878-6008;https://www.instagram.com/mariadiminasrestaurante/;restaurantes
Ouro Fino;Restaurante Paiol;Restaurante;"Ouro Fino, MG, 37570-000";(35) 99959-5267;;restaurantes
Ouro Fino;Restaurante Sabor da vida;Restaurante Mineiro;"R. Sen. Miranda Jr, 302 - Ouro Fino, MG, 37570-000";(35) 99726-1826;;restaurantes
Ouro Fino;Restaurante Shekináh;Restaurante;"R. Antônio Burza, 15 - Jardim Patrícia, Ouro Fino - MG, 37570-000";(35) 99844-5605;;restaurantes
Ouro Fino;Sabor de Minas;Hamburgueria;"R. Nelo Penachi, 80 - Ouro Fino, MG, 37570-000";(35) 99859-9758;"https://api.whatsapp.com/send?phone=5535998599758&text=Ol%C3%A1,+tudo+bem?&oq=Ol%C3%A1,+tudo+bem?";hamburguerias
Ouro Fino;Serra Cafés Especiais – Café Especial em Ouro Fino MG;Fabricante;"R. Miguel Canielo, 151 - Montanhês, Ouro Fino - MG, 37570-000";(11) 97349-1149;https://linktr.ee/serracafes?utm_source=ig&utm_medium=social&utm_content=link_in_bio&fbclid=PAZXh0bgNhZW0CMTEAc3J0YwZhcHBfaWQMMjU2MjgxMDQwNTU4AAGnU79qLQfKMkeHpswWIXuOUDTPsVEwR_6cxbvN2Z9GOMoIzv2ujggs97FIWs8_aem_oxmGjK-atTIM3Ao2JwciIw;bares
Ouro Fino;sheikinho sorvetes e açai;Restaurante;"R. Treze de Maio, 525 - Ouro Fino, MG, 37570-000";(35) 99962-6457;https://www.facebook.com/sheikinho.sorvetes/;sorveterias
Ouro Fino;Smashville - Hambúrguer Smash;Hamburgueria;"R. Guarda Mor Lustosa, 383 - Centro, Ouro Fino - MG, 37570-000";(35) 99968-2697;;restaurantes
Ouro Fino;Smoke House;Tabacaria;"R. Sen. Júlio Brandão, 132 - Centro, Ouro Fino - MG, 37570-000";(35) 99756-5601;https://www.instagram.com/smokehouse.of/;bares
Ouro Fino;SN Lanches;Lanchonete;"Zap ( 19 - 92009.0186 - Centro, Ouro Fino - MG, 37570-000";(35) 3441-6771;;lanchonetes
Ouro Fino;SÔ CHICKEN;Restaurante de frango frito para viagem;"R. São Vicente, 302 - Ouro Fino, MG, 37570-000";(35) 99836-8594;;restaurantes
Ouro Fino;Sorveteria Ádio;Sorveteria;"R. Treze de Maio, 481 - Ouro Fino, MG, 37570-000";(35) 3441-1627;;restaurantes
Ouro Fino;Sorveteria Japonesa - Crepes e Tapioca;Sorveteria especializada em sundaes;"Av. Cyro Gonçalves, 277 - Centro, Ouro Fino - MG, 37570-000";(35) 99989-1463;;sorveterias
Ouro Fino;Sorveteria Melkis;Sorveteria;"R. Dr. Gentil - Crisólia, Ouro Fino - MG, 37570-000";(35) 99815-6948;https://instagram.com/melkiscrisolia?igshid=MzRlODBiNWFlZA==;sorveterias
Ouro Fino;Supermercado GL;Supermercado;"R. Treze de Maio, 1057 - Ouro Fino, MG, 37570-000";(35) 3441-2499;http://www.redeilustre.com.br/;lanchonetes
Ouro Fino;Supermercados Alvorada;Supermercado;"R. Guarda Mor Lustosa, 240 - Centro, Ouro Fino - MG, 37570-000";(35) 3441-3737;http://www.supermercadosalvorada.com/;padarias
Ouro Fino;Temperato Massas;Restaurante italiano;"Av. Delfim Moreira, 208 - Ouro Fino, MG, 37570-000";(35) 99956-9109;;restaurantes
Ouro Fino;Teodoro's Pizzaria;Restaurante;"R. Manoel Jesuíno de Carvalho, 1515 - Parreiras, Ouro Fino - MG, 37570-000";(35) 99720-9600;;pizzarias
Ouro Fino;Terra Café Loja;Espresso bar;"R. Guarda Mor Lustosa, 387 - Centro, Ouro Fino - MG, 37570-000";(35) 99741-0706;;cafés
Ouro Fino;Tião Lanches;Hamburgueria;"R. Dr. Áureliano Leite - Ouro Fino, MG, 37570-000";(35) 99895-8298;;lanchonetes
Ouro Fino;Torrefação de Café Menino da Porteira;Serviço de distribuição;"R. Humaitá, 1775 - Ouro Fino, MG, 37570-000";(35) 3441-1223;;cafés
Ouro Fino;Vilela Modas;Loja de Roupa;"R. Treze de Maio, 650 - Ouro Fino, MG, 37570-000";(35) 3441-2088;https://www.facebook.com/profile.php?id=100011592199296%20%20%20%20https://www.instagram.com/vilela.modas/;lanchonetes
Ouro Fino;World Burger;Hamburgueria;"Av. Delfim Moreira - Ouro Fino, MG, 37570-000";(35) 99813-8483;https://www.instagram.com/canaa_hamburgueria?igsh=MWRhdnB1cGt2eDBjag==;hamburguerias